{
  "images" : [
    {
      "filename" : "note.png",
      "idiom" : "universal",
      "resizing" : {
        "cap-insets" : {
          "bottom" : 0,
          "left" : 122,
          "right" : 91,
          "top" : 33
        },
        "center" : {
          "height" : 12,
          "mode" : "tile",
          "width" : 838
        },
        "mode" : "9-part"
      },
      "scale" : "1x"
    },
    {
      "filename" : "note 1.png",
      "idiom" : "universal",
      "resizing" : {
        "cap-insets" : {
          "bottom" : 4,
          "left" : 112,
          "right" : 88,
          "top" : 39
        },
        "center" : {
          "height" : 1,
          "mode" : "tile",
          "width" : 3
        },
        "mode" : "9-part"
      },
      "scale" : "2x"
    },
    {
      "filename" : "note 2.png",
      "idiom" : "universal",
      "resizing" : {
        "cap-insets" : {
          "left" : 130,
          "right" : 82
        },
        "center" : {
          "mode" : "tile",
          "width" : 1
        },
        "mode" : "3-part-horizontal"
      },
      "scale" : "3x"
    }
  ],
  "info" : {
    "author" : "xcode",
    "version" : 1
  }
}
